[
    {
        "package": "hash/2.0.2@microblink/main#f13f101395e62ac0f7ea8a5c1511b92b",
        "url": "https://github.com/microblink/hash-library",
        "license": "zlib",
        "description": "Portable C++ Hashing Library"
    },
    {
        "package": "std_fix/1.0.2@microblink/main#3002fa1150d5261ad74d2d167d48e653",
        "url": "https://github.com/microblink/std_fix",
        "license": "BSL-1.0",
        "description": "Patches for deficient C++ runtime implementations"
    },
    {
        "package": "gtest/1.14.8@microblink/main#1eedab2c6d0c2bb53fd35e17fb734f8e",
        "url": "https://bitbucket.org/microblink/core-google-test/src",
        "license": "BSD 3-Clause",
        "description": "Google's C++ test framework"
    },
    {
        "package": "boost/1.84.1@microblink/main#bff79afef94bda2190fd38c952381df6",
        "url": "https://bitbucket.org/microblink/boost",
        "license": "Boost Software license",
        "description": "Free peer-reviewed portable C++ source libraries."
    },
    {
        "package": "functionoid/1.0.1@microblink/main#a63c389de8e94c11f18c62430bb3aa1f",
        "url": "https://github.com/microblink/functionoid",
        "license": "Boost Software License, Version 1.0",
        "description": "a complete C++17 rewrite of boost/std::function"
    },
    {
        "package": "config_ex/1.1.1@microblink/main#58895a244f6055c6017a95e43ef5ce63",
        "url": "https://github.com/microblink/config_ex",
        "license": "MIT",
        "description": "Additions to boost/config for additional compiler-specific codegen tweaking macros"
    },
    {
        "package": "rapidjson/1.1.6@microblink/main#22545451e78c6dfb8c85f2e14b862674",
        "url": "https://bitbucket.org/microblink/core-rapidjson",
        "license": "BSD",
        "description": "A fast JSON parser/generator for C++ with both SAX/DOM style API"
    },
    {
        "package": "utfcpp/3.2.2@microblink/main#1f2203969d96fbb009386a28c871b581",
        "url": "https://github.com/microblink/utfcpp",
        "license": "Boost Software License 1.0",
        "description": "UTF-8 with C++ in a Portable Way"
    },
    {
        "package": "sweater/1.1.6@microblink/main#f15ba2c8c2048cce3c9f6ca3d9c407a5",
        "url": "https://github.com/microblink/sweater",
        "license": "MIT",
        "description": "Humble Outer Dispatch"
    },
    {
        "package": "cpuinfo/20241015.0@microblink/main#6562bb9b5cbcf24fd89fb38fdfcadf97",
        "url": "https://github.com/microblink/cpuinfo",
        "license": "BSD 2-Clause \"Simplified\" License",
        "description": "cpuinfo is a library to detect essential for performance optimization information about host CPU"
    },
    {
        "package": "concurrent_queue/1.0.1@microblink/main#b452679c066c30530f176c59cd276208",
        "url": "https://github.com/microblink/concurrentqueue",
        "license": "Dual licensed under Simplified BSD License and Boost Software License - Version 1.0",
        "description": "A fast multi-producer, multi-consumer lock-free concurrent queue for C++11"
    },
    {
        "package": "nlohmann_json/3.10.4#2d3ba0c641692cca9fb4514e05154688",
        "url": "https://github.com/conan-io/conan-center-index",
        "license": "MIT",
        "description": "JSON for Modern C++ parser and generator."
    },
    {
        "package": "err/1.0.1@microblink/main#eacbc2adc310db0e96d61d4220650f8b",
        "url": "https://github.com/microblink/err",
        "license": "Boost Software License",
        "description": "err - yet another take on C++ error handling"
    },
    {
        "package": "mmap/1.0.2@microblink/main#49540e8a3d87662b601b9b433396582c",
        "url": "https://github.com/microblink/mmap",
        "license": "Boost Software License",
        "description": "portable, lightweight, powerful, near-zero-overhead memory mapping and virtual memory management"
    },
    {
        "package": "zlib/1.3.2@microblink/main#52419110a760a9cb8cd7bd57b01de0b2",
        "url": "https://github.com/microblink/zlib",
        "license": "Zlib",
        "description": "A massively spiffy yet delicately unobtrusive compression library."
    },
    {
        "package": "opencv/4.10.1@microblink/main#2bc2be2ecc71966cde69f7dbdf85a312",
        "url": "https://github.com/microblink/opencv",
        "license": "MIT",
        "description": "Microblink's fork of OpenCV"
    },
    {
        "package": "libjpeg_turbo/3.0.2.2@microblink/main#c5ae8c1d15ab8215718ea3df429e55e1",
        "url": "https://github.com/microblink/libjpeg-turbo",
        "license": "BSD-3-Clause, Zlib",
        "description": "SIMD-accelerated libjpeg-compatible JPEG codec library"
    },
    {
        "package": "libpng/1.6.42@microblink/main#07724945d4103c360e9cb46a6ebb7391",
        "url": "https://github.com/microblink/libpng",
        "license": "libpng-2.0",
        "description": "An Open, Extensible Image Format with Lossless Compression"
    },
    {
        "package": "protobuf/4.25.2@microblink/main#732767a0c74df7e4d7955a035060b19d",
        "url": "https://github.com/microblink/protobuf",
        "license": "BSD",
        "description": "Google's language-neutral, platform-neutral, extensible mechanism for serializing structured data"
    },
    {
        "package": "abseil/20230802.1.5@microblink/main#bc59392428de29fb32008a4721805645",
        "url": "https://github.com/microblink/abseil-cpp",
        "license": "Apache-2.0",
        "description": "Abseil Common Libraries (C++) from Google"
    },
    {
        "package": "qoixx/0.1.7.3@microblink/main#7a99513f8b969271ba87111c1317f1f0",
        "url": "https://github.com/microblink/qoixx",
        "license": "MIT License",
        "description": "qoixx is a high performance MIT licensed single-header QOI implementation written in C++20."
    },
    {
        "package": "pimpl/1.0.1@microblink/main#4857170a202027c0fd2f22d0c2c4c7a3",
        "url": "https://github.com/microblink/pimpl",
        "license": "BSD 2-Clause \"Simplified\" License",
        "description": "Proving pimpls do not require heap, exceptions or runtime polymorphism."
    },
    {
        "package": "range-v3/0.12.0#abb9932b80d96eaf8fc992debe3870ed",
        "url": "https://github.com/conan-io/conan-center-index",
        "license": "BSL-1.0",
        "description": "Experimental range library for C++11/14/17"
    },
    {
        "package": "adv_obfuscator/20170904.0@microblink/main#2fc3ff7bc343b093deadb9ff1ee6f0f9",
        "url": "https://github.com/microblink/ADVobfuscator",
        "license": "https://github.com/microblink/ADVobfuscator#copyright-and-license",
        "description": "Obfuscation library based on C++11/14 and metaprogramming"
    },
    {
        "package": "micro_ecc/1.0.0@microblink/main#1c323460f6536c0b0f5baaed9de6bcf5",
        "url": "https://github.com/microblink/micro-ecc",
        "license": "BSD 2-Clause \"Simplified\" License",
        "description": "A small and fast ECDH and ECDSA implementation for 8-bit, 32-bit, and 64-bit processors."
    },
    {
        "package": "zxing-cpp/1.1.0@microblink/main#6650d1dcd9e84e7917697e701c82ad47",
        "url": "https://github.com/microblink/zxing",
        "license": "Apache License 2.0",
        "description": "ZXing (\"Zebra Crossing\") barcode scanning library for Java, Android"
    },
    {
        "package": "eigen/3.4.2@microblink/main#406195518d246c1d387b54df8ade9052",
        "url": "https://github.com/microblink/eigen-git-mirror",
        "license": "Mozilla Public License Version 2.0",
        "description": "Eigen is a C++ template library for linear algebra: vectors, matrices, and related algorithms. It is versatile, fast, elegant and works on many platforms (OS/Compilers)."
    },
    {
        "package": "xnnpack/20230525.1.5@microblink/main#30f7e3e2f8d052db14efcc52648ebad0",
        "url": "https://github.com/microblink/XNNPACK",
        "license": "BSD",
        "description": "XNNPACK library"
    },
    {
        "package": "kiwaku/20230809.2@microblink/main#e54c95111cde3fb09ca2a8e2937ea041",
        "url": "https://github.com/microblink/kiwaku",
        "license": "BSL-1.0",
        "description": "C++20 and onward collection of high performance data containers and related tools"
    },
    {
        "package": "tf_messages/1.0.1@microblink/main#96187cc0ac393ee835b807074bb3e884",
        "url": "https://bitbucket.org/microblink/core-tensorflow/",
        "license": "Apache License 2.0",
        "description": "Computation using data flow graphs for scalable machine learning"
    },
    {
        "package": "tqdm/1.0.0@microblink/main#9f84ad8bec3a73f9635d64c0f49aea96",
        "url": "https://bitbucket.org/microblink/core-tqdm",
        "license": "MIT",
        "description": "tqdm-like single header c++ pretty progress bar"
    },
    {
        "package": "tinyxml2/2.2.4@microblink/main#e75d39f68113ec40fde0b991ffa76a37",
        "url": "https://github.com/microblink/tinyxml2",
        "license": "Zlib",
        "description": "a simple, small, efficient, C++ XML parser"
    }
]